Smoothed X1,Smoothed Y1,Smoothed X 2,Smoothed Y 2
1,41.8006370608,1,41.8006370608
2,43.7274079969,2,43.1343699746
3,43.8750648662,3,42.6455335832
4,42.682565856,4,41.7602288666
5,41.1419921361,5,40.8208202438
6,39.974933422,6,40.870713812
7,39.1190007281,7,40.9938493125
8,36.473521078,8,39.5539741598
9,38.5922590502,9,36.955885247
10,40.819455602,10,33.1025468668
11,41.3710141361,11,28.1750936667
12,41.2950640138,12,22.2058781105
13,42.047125116,13,16.5444851482
14,40.225193518,14,11.1451597915
15,20.1643778171,15,6.142740346
16,2.8293033678,16,1.6781799853
17,-14.0726677049,17,-2.5434811577
18,-30.0367331356,18,-6.7184513931
19,-46.8556674875,19,-10.9627527093
20,-43.7789022978,20,-15.2921268709
21,-41.014946929,21,-19.5907995802
22,-35.9172909547,22,-23.6625241733
23,-30.4948843323,23,-26.1439535862
24,-24.7326580949,24,-27.091307688
25,-21.8050979286,25,-26.6089685628
26,-22.2935056064,26,-25.0282589333
27,-23.64554841,27,-22.4055911845
28,-22.4329655237,28,-20.1311160491
29,-20.8506753784,29,-18.2394257664
30,-17.0570633773,30,-16.9687945753
31,-11.3810081594,31,-16.4456359801
32,-6.8375808269,32,-16.6844494877
33,-6.326088693,33,-17.4573094
34,-7.5156512558,34,-18.3525697467
35,-9.6617752664,35,-19.2033389655
36,-12.6395926882,36,-20.068483492
37,-16.8578230876,37,-20.9675536664
38,-22.6475054055,38,-22.1769343022
39,-28.3148607075,39,-23.9309234686
40,-33.3979966141,40,-26.2399994334
41,-35.7224108074,41,-28.7765810668
42,-36.4070866916,42,-31.3731939037
43,-35.4101334207,43,-33.885581576
44,-34.3367279951,44,-36.2731569445
45,-35.1977729131,45,-38.4402068625
46,-37.6908456556,46,-40.3065300906
47,-41.4737202995,47,-41.8954726588
48,-44.3748131938,48,-43.1733924082
49,-46.4648438092,49,-44.3712416617
50,-47.3475903511,50,-45.5592375556
51,-48.4532232162,51,-46.8550958808
52,-49.3635718569,52,-48.132420638
53,-50.6423538271,53,-49.2216317601
54,-52.1489992313,54,-49.8921517575
55,-52.5667928543,55,-50.0198636399
56,-53.6901496094,56,-49.7048084282
57,-54.2270251002,57,-48.9975750142
58,-54.8480082989,58,-48.0455277698
59,-53.4965993527,59,-46.9380016279
60,-51.5359397452,60,-45.7811212031
61,-47.748645616,61,-44.4833798349
62,-43.3893985361,62,-43.1328606702
63,-39.6489850186,63,-41.9349486451
64,-35.8563425988,64,-40.8806904603
65,-33.0668816857,65,-40.0947014417
66,-31.840331088,66,-39.5466779522
67,-32.0103654839,67,-39.3528755509
68,-31.1762333043,68,-39.5357767548
69,-31.8912117615,69,-40.2180212313
70,-34.598112477,70,-41.2477786112
71,-37.876276838,71,-42.1710983827
72,-42.4371898204,72,-43.0023321237
73,-46.6276559565,73,-43.5175116519
74,-50.589563334,74,-43.607087107
75,-54.2794578034,75,-43.1907064754
76,-57.9823127627,76,-43.1908401997
77,-58.8357592355,77,-43.2697381533
78,-53.4987815905,78,-43.3025868277
79,-48.3248487137,79,-43.2621185781
80,-40.7945746094,80,-43.0688733403
81,-33.183962914,81,-42.3456357546
82,-25.7646560099,82,-41.3687016648
83,-31.178239169,83,-40.3702529664
84,-33.0746810656,84,-39.2551866176
85,-35.090842592,85,-37.8930896426
86,-37.2692530945,86,-36.7685436903
87,-39.5385112543,87,-35.7675102036
88,-35.7790921699,88,-34.9913625097
89,-35.935551988,89,-34.4855570287
90,-39.3027273275,90,-34.4826253816
91,-41.2563175306,91,-34.0193399419
92,-38.4043046109,92,-33.4064429909
93,-36.630592306,93,-32.6817990354
94,-33.3093464132,94,-31.6978101924
95,-29.1523591995,95,-30.6699624353
96,-25.5968806997,96,-29.9300090158
97,-25.7206813037,97,-29.20430797
98,-24.2289575737,98,-28.1515366623
99,-23.8812268,99,-26.9655738102
100,-24.2211832602,100,-25.9057817028
101,-22.5094204482,101,-25.020872162
102,-24.1207948983,102,-24.4442199363
103,-24.6797908783,103,-24.1805402665
104,-25.0500363,104,-24.231785944
105,-23.511157712,105,-24.3373465128
106,-23.46687475,106,-24.5411342364
107,-22.5074229997,107,-24.7181557795
108,-23.3569491938,108,-24.8171366775
109,-24.6595630281,109,-25.0280104629
110,-25.1971641518,110,-25.123394731
111,-26.3655658618,111,-25.1855100685
112,-27.304089836,112,-25.3720498736
113,-27.2857734282,113,-25.7084224132
114,-26.5365499459,114,-25.9925630955
115,-25.70589673,115,-26.0961531389
116,-25.6725272302,116,-25.8363798606
117,-25.55155892,117,-25.1866747748
118,-25.6115209397,118,-24.4090589335
119,-27.8481333777,119,-23.516849234
120,-28.5567458048,120,-22.6279015744
121,-27.7289849851,121,-21.8203772478
122,-24.0612736508,122,-21.1452557252
123,-19.4603500187,123,-20.4881767816
124,-14.913986741,124,-19.7187449677
125,-13.5329265319,125,-19.0149385074
126,-12.9824203696,126,-18.3601130734
127,-13.9698749419,127,-17.5445047199
128,-15.17290853,128,-16.7022925496
129,-16.4097271059,129,-15.9138749716
130,-15.849712576,130,-15.325767486
131,-14.1310500219,131,-15.113620484
132,-14.9944620159,132,-15.091183979
133,-15.7891394299,133,-15.1140270368
134,-15.6140080757,134,-15.1951855412
135,-15.9235632498,135,-15.180150889
136,-15.9027213156,136,-15.0400300652
137,-15.2396613657,137,-14.8310297585
138,-16.2781449899,138,-14.6419065061
139,-14.5774391659,139,-14.5133847488
140,-13.8755723979,140,-14.2565601244
141,-14.1997979362,141,-13.9418807981
142,-13.7443551581,142,-13.759253391
143,-13.071096174,143,-13.754744715
144,-13.2747225042,144,-14.0035692034
145,-13.012863791,145,-14.5186046061
146,-12.2032236621,146,-15.116716884
147,-11.1420926504,147,-15.823080629
148,-11.0689495355,148,-16.5630432137
149,-12.8745969679,149,-17.1188001573
150,-15.8559331108,150,-17.4190165185
151,-19.6350886412,151,-17.3774087535
152,-22.965192407,152,-16.966407839
153,-25.2498291574,153,-16.2390455055
154,-25.1728953414,154,-15.2508443362
155,-24.9750111684,155,-13.9906063781
156,-22.5361520905,156,-12.4432236335
157,-18.2476005752,157,-10.5824515403
158,-12.4469796989,158,-8.4928555119
159,-7.1097087875,159,-6.1355735576
160,-2.1024287887,160,-3.7533325143
161,2.6197938785,161,-1.5041697559
162,7.7614767205,162,0.3277288326
163,12.1417916328,163,1.8229457697
164,15.0369844303,164,2.7503780355
165,15.488007316,165,2.9218121817
166,15.7241406731,166,2.2827549221
167,12.7684232417,167,1.0223453403
168,8.4876122199,168,-0.7008218064
169,2.305583486,169,-2.8132121691
170,-2.5467571124,170,-5.1624775213
171,-8.6246681031,171,-7.6663059721
172,-15.6760883819,172,-10.2269459418
173,-22.0328385931,173,-12.6509714436
174,-26.0158525158,174,-14.7960867744
175,-27.949935988,175,-16.509873867
176,-29.0660615623,176,-17.6788323123
177,-27.477503562,177,-18.1641650406
178,-25.4156351302,178,-17.9370213662
179,-23.3726151153,179,-17.1090740241
180,-20.8723752107,180,-15.6379530096
181,-16.4525892895,181,-13.5263112864
182,-12.9383831471,182,-11.0895957493
183,-9.0467644595,183,-8.6917356713
184,-4.9744074382,184,-6.308404999
185,0.8603980038,185,-4.3089756924
186,3.7945420284,186,-2.8996822582
187,6.3907268357,187,-2.0402848397
188,9.6417872552,188,-1.701959838
189,10.5348805401,189,-2.1134087058
190,8.0179651827,190,-3.0006100581
191,6.6838985216,191,-4.3706112196
192,2.5139360368,192,-6.1060587204
193,-4.2762336168,193,-8.2968072231
194,-10.4816538379,194,-10.7678853165
195,-15.7975001849,195,-13.4802129962
196,-22.6243223071,196,-16.3677921765
197,-26.2464034308,197,-19.2981847351
198,-29.5967818826,198,-21.9000945069
199,-31.0061199501,199,-24.215219752
200,-32.0008295361,200,-26.0175780847
201,-33.2716293734,201,-27.076656721
202,-34.2941883601,202,-27.5126813267
203,-33.6719004482,203,-27.4292243561
204,-33.4210078388,204,-26.5879699651
205,-31.0106813945,205,-25.2768850498
206,-28.0429801557,206,-23.6467399528
207,-24.5214389529,207,-21.7454846742
208,-20.1624131616,208,-19.6081202289
209,-17.0220229235,209,-17.4221171838
210,-14.5456456266,210,-15.2318992276
211,-10.0055064417,211,-13.1925140744
212,-6.5801297009,212,-11.2987777757
213,-5.144605428,213,-9.9260430446
214,-2.4872907709,214,-9.1320126751
215,0.0596371431,215,-8.7822589048
216,-0.4815836962,216,-9.0158900239
217,-1.4409190178,217,-9.6947745499
218,-3.0811231498,218,-10.5717242039
219,-5.014963359,219,-11.589651057
220,-10.4196604267,220,-12.8281638638
221,-16.132524614,221,-13.9836513834
222,-19.2751323987,222,-15.1685992225
223,-23.6668799475,223,-16.3915688258
224,-27.205290813,224,-17.5241925328
225,-27.6998904373,225,-18.4621882487
226,-25.2744092386,226,-19.2788732503
227,-25.157821802,227,-19.9704242255
228,-22.4769182231,228,-20.3668705124
229,-20.2615083568,229,-20.5781660739
230,-18.2849069059,230,-20.7570289262
231,-17.4709393021,231,-20.7199461012
232,-15.5108547565,232,-20.4532290678
233,-15.3313981734,233,-20.1283377389
234,-15.3882279865,234,-19.8958989958
235,-16.36635473,235,-19.5943038654
236,-19.3019580372,236,-19.4439005649
237,-21.9580751825,237,-19.2521692509
238,-23.1106375724,238,-19.0316846326
239,-23.204535313,239,-18.5268020182
240,-22.8265205033,240,-17.9776038605
241,-21.7878280923,241,-17.303700555
242,-20.6338948462,242,-16.7682945499
243,-20.220868716,243,-16.2660324914
244,-17.3855386462,244,-15.7554601396
245,-14.9776376318,245,-15.2987062038
246,-9.8977000862,246,-15.0157869618
247,-7.2728823908,247,-14.8964830018
248,-5.2228485912,248,-15.074371171
249,-7.3571379088,249,-15.5980361283
250,-8.8324238528,250,-16.3749576878
251,-11.6433727603,251,-17.3658429942
252,-15.106766146,252,-18.6651380677
253,-18.8668489415,253,-20.2988590699
254,-21.4149759129,254,-22.4530226226
255,-25.4948430426,255,-24.7997616389
256,-29.6428024516,256,-27.1850706367
257,-32.2877182376,257,-29.4192026084
258,-35.0841483131,258,-31.4608435442
259,-36.874964748,259,-33.212136616
260,-39.4834526647,260,-34.8259630052
261,-42.2101533771,261,-36.340946394
262,-42.4739676356,262,-37.9226404838
263,-41.0024835575,263,-39.2944876924
264,-40.8691174842,264,-40.5180527583
265,-39.4570378903,265,-41.6524659084
266,-37.9127688378,266,-42.5899089217
267,-39.3141619831,267,-43.3553957508
268,-41.5915997732,268,-44.0025234725
269,-45.1403872602,269,-44.470916542
270,-46.0725511726,270,-44.8880053844
271,-47.9962784391,271,-45.3488381548
272,-49.3039154895,272,-45.6213073389
273,-49.1457935125,273,-45.8706189079
274,-48.3572671849,274,-46.0207214983
275,-49.1903684895,275,-45.9062532569
276,-49.2360494196,276,-45.6125063918
277,-48.7303002719,277,-45.1420632945
278,-47.9149751138,278,-44.6154328508
279,-44.9561552454,279,-44.1159780783
280,-43.1967114251,280,-43.5923802822
281,-40.1643076945,281,-43.1165459363
282,-37.5971383616,282,-42.7520693425
283,-37.1853967968,283,-42.2625891322
284,-38.0837408002,284,-41.6948684606
285,-38.1730945181,285,-41.2496683859
286,-40.5044568513,286,-40.9559421547
287,-41.4499485478,287,-40.9112133967
288,-42.0082783241,288,-41.0089961479
289,-42.8901182778,289,-41.3051884986
290,-41.8481653351,290,-41.6832754321
291,-40.720239345,291,-41.9927942156
292,-42.0522991519,292,-42.2232593336
293,-43.5090816453,293,-42.5283296415
294,-44.2852238763,294,-42.7461653454
295,-44.663452692,295,-43.0685685731
296,-44.6071929555,296,-43.4556041746
297,-43.2684423637,297,-43.8432920781
298,-41.8281785503,298,-44.4381153757
299,-41.5407175701,299,-45.1947306834
300,-42.7491491366,300,-45.6786823509
301,-43.7719924092,301,-45.871936468
302,-46.2859969638,302,-45.8607715866
303,-47.8138123468,303,-45.6426334759
304,-48.7054368299,304,-45.2854570012
305,-50.7705147993,305,-45.1028193348
306,-52.0694689602,306,-45.0019549668
307,-49.3115741644,307,-44.699615696
308,-46.4078934018,308,-44.1127090888
309,-44.1177506562,309,-43.2993090921
310,-41.3913810302,310,-42.1523611421
311,-39.249545835,311,-40.84459033
312,-40.5288773689,312,-39.5640792629
313,-40.3152130295,313,-38.2037714511
314,-37.0056285091,314,-36.8581478804
315,-33.9455500286,315,-35.8131502062
316,-31.5709924579,316,-34.9002540593
317,-29.0817777142,317,-34.0803668167
318,-28.1972501643,318,-33.3409555385
319,-29.4977708243,319,-32.3698016968
320,-30.3658976227,320,-30.8190577832
321,-31.8851153992,321,-29.0015953612
322,-33.6366090514,322,-27.0719741886
323,-32.7144511987,323,-25.246812693
324,-31.8194420174,324,-23.6314681625
325,-30.3002118561,325,-22.3471144472
326,-24.6822382096,326,-21.1781911347
327,-17.2677186649,327,-20.1574422643
328,-13.0532766994,328,-19.0538837459
329,-8.0613109197,329,-17.6935132967
330,-6.5681275949,330,-16.0579003862
331,-7.3408245005,331,-14.4877995112
332,-9.8164719846,332,-12.9028930211
333,-10.6634004772,333,-11.4668428139
334,-14.1865377683,334,-10.6004687243
335,-13.8125198461,335,-10.2508470761
336,-11.4795586623,336,-10.1963826468
337,-9.1024153933,337,-10.5438362939
338,-9.1629380729,338,-10.8739334151
339,-8.0458446667,339,-11.1459940972
340,-8.7594587479,340,-11.2994436927
341,-11.6866268665,341,-11.1793063052
342,-12.0233939413,342,-10.6115642859
343,-12.2363102596,343,-9.8590555057
344,-13.2731156271,344,-9.0174723747
345,-11.5195844125,345,-8.2227320721
346,-11.421734732,346,-7.6173546135
347,-12.1182159174,347,-7.3000685654
348,-8.8613396637,348,-7.3408805648
349,-5.6704074793,349,-7.5972227181
350,-2.5248881426,350,-8.1330726662
351,1.144188302,351,-8.8166140247
352,2.8186891459,352,-9.3483257358
353,-0.0822761942,353,-9.8287754557
354,-3.2865539443,354,-10.029652406
355,-9.3716387395,355,-10.0362944149
356,-15.5317591656,356,-10.2292968571
357,-20.0611431632,357,-10.7434725411
358,-22.4894306373,358,-11.4900871374
359,-21.2487912938,359,-12.5962407269
360,-18.7263302106,360,-13.8160749018
361,-14.4348889869,361,-14.7707370207
362,-12.2178460505,362,-15.4609535243
363,-11.756376297,363,-15.6726344845
364,-13.3830427393,364,-15.4764699278
365,-13.7241070867,365,-15.0834167073
366,-15.448115541,366,-14.5904030508
367,-15.4788234767,367,-14.2343479438
368,-14.4022079781,368,-14.1272285362
369,-13.6398014989,369,-14.1748496482
370,-12.5468531422,370,-14.16543612
371,-12.5892908145,371,-13.9380792635
372,-14.1653448563,372,-13.3108647963
373,-15.0942257889,373,-12.5668350923
374,-15.9079646889,374,-11.6632479531
375,-17.1195390977,375,-10.826216251
376,-15.1492056668,376,-10.1904969312
377,-12.0766431268,377,-9.7359023135
378,-8.34602345,378,-9.434840477
379,-3.9748257317,379,-9.3237474629
380,-2.5636615265,380,-9.1590050866
381,-1.8943084523,381,-8.9801274283
382,-2.9233479448,382,-8.7166077659
383,-4.8664181817,383,-8.2200028979
384,-6.8208822332,384,-7.6462486062
385,-8.0309255946,385,-7.0885557027
386,-10.9228956025,386,-6.622117421
387,-11.6942092132,387,-6.3775586498
388,-12.411060914,388,-6.1019957612
389,-11.9551697526,389,-5.8563651204
390,-9.6704660781,390,-5.7905091989
391,-6.5428912908,391,-5.9914272425
392,-3.711249575,392,-6.6988093521
393,-1.3494492233,393,-8.3029288997
394,-0.3064441647,394,-10.6614934951
395,1.5697818022,395,-13.8575256333
396,1.7901511602,396,-17.896488208
397,-1.9355091214,397,-22.6737509867
398,-7.8801888362,398,-28.1102496166
399,-17.431613877,399,-33.9592862536
400,-32.0927188091,400,-39.9359488439
401,-46.301364534,401,-45.5150707143
402,-59.6346912861,402,-50.3618377952
403,-72.9954995338,403,-54.4081107124
404,-83.6141114336,404,-57.53677294
405,-91.2179455269,405,-59.3763973714
406,-94.2784408458,406,-59.9052364668
407,-93.3611884296,407,-59.0095552251
408,-85.0362772781,408,-56.5819784887
409,-73.0079503786,409,-52.858163961
410,-59.1243119556,410,-48.0981876575
411,-45.139782254,411,-42.5752347129
412,-29.5298755921,412,-36.5730848493
413,-15.812775268,413,-30.2184619402
414,-3.9963952515,414,-23.882068051
415,4.3209322378,415,-17.8661093436
416,9.5558533806,416,-12.5512510568
417,11.7649532672,417,-8.0728364511
418,9.8487946354,418,-4.504376641
419,6.4181365199,419,-1.8008476833
420,4.1013981089,420,0.0682902885
421,0.7674674924,421,1.3906014943
422,-3.1218078185,422,2.2646947473
423,-5.3134029765,423,3.0091198683
424,-5.8317312919,424,3.8365055348
425,-5.5974148054,425,4.8665900018
426,-4.5868478883,426,6.2738240509
427,-1.4928060144,427,8.065610971
428,4.0218928181,428,10.056699694
429,9.1150035433,429,12.3932011689
430,15.4873090535,430,15.0389365631
431,21.9666383784,431,17.6890073964
432,27.2162202723,432,20.2775764526
433,30.9573053721,433,22.6975684733
434,33.29494032,434,24.7816001329
435,33.9677289549,435,26.4021958136
436,35.8149896163,436,27.4618248876
437,36.5642230932,437,27.9784549566
438,34.4376595236,438,27.8684375808
439,32.9968045518,439,27.1175014741
440,30.7024655052,440,25.987076927
441,26.6736270048,441,24.6094200129
442,22.8161291968,442,23.0630443415
443,19.9163289271,443,21.5163117395
444,16.864454579,444,19.8467377944
445,13.8370484162,445,18.0816765224
446,10.7025967777,446,16.3675214653
447,10.2598520666,447,14.6991116579
448,10.2924516596,448,13.1574312954
449,10.0993052501,449,11.9911383445
450,10.7667399243,450,11.0818099817
451,10.7713804398,451,10.4433435596
452,10.0883040141,452,10.1151425624
453,8.7253336668,453,10.1043290819
454,7.970657441,454,10.3239303699
455,7.5772600673,455,10.8169865273
456,9.1792327411,456,11.5673901881
457,9.1762037553,457,12.5684374286
458,10.3393325947,458,13.8237659519
459,11.9414396215,459,15.5068564589
460,13.6748462081,460,17.4860952488
461,13.9966160979,461,19.8359451066
462,17.6556944281,462,22.5423601716
463,21.5485065706,463,25.541772656
464,25.115013859,464,28.5734803665
465,29.5966677736,465,31.6689828826
466,36.0177380443,466,34.6556795019
467,39.7768858626,467,37.4837749011
468,43.9730815332,468,40.0941969387
469,48.5668834165,469,42.5849079486
470,52.5684473328,470,44.6770094704
471,54.654848399,471,46.4006167949
472,55.6087414972,472,47.6141371785
473,55.1397818837,473,48.2512520352
474,54.3628706098,474,48.1411100648
475,52.8311767723,475,47.7518005886
476,51.3572812457,476,46.9828245812
477,49.0372172561,477,45.8738304747
478,47.4026164375,478,44.578315062
479,43.3178196136,479,43.3096448269
480,39.1533906236,480,41.9419501425
481,34.3656084884,481,40.64427046
482,33.9372437198,482,39.3896783597
483,32.4384414218,483,38.0266211937
484,31.931971819,484,36.4197668167
485,33.1357161418,485,34.5564985577
486,35.6247948736,486,32.4947432624
487,35.093321231,487,30.3664851849
488,35.6745866459,488,28.2297268697
489,35.5439891052,489,26.2770056627
490,32.3853192829,490,24.2943296205
491,27.2544655904,491,22.322426029
492,21.0881933715,492,20.4406812847
493,16.476287007,493,18.7456390205
494,11.3939484522,494,17.1908250773
495,7.1020158958,495,16.1881784577
496,5.0747903831,496,15.5519257467
497,4.1971030861,497,15.2935017152
498,2.8598875497,498,15.5695048126
499,3.705800654,499,16.3757863385
500,7.7100821797,500,17.5966067868
501,12.3025857247,501,19.0453274213
502,20.0536219373,502,20.6561126809
503,26.1307959806,503,22.1805281506
504,31.6676286332,504,23.4521327818
505,36.5253657442,505,24.4273425988
506,39.3486884788,506,25.236497967
507,39.400500096,507,25.78301779
508,38.2070965238,508,26.0400371609
509,35.555727347,509,26.0442284183
510,29.9682479415,510,25.4709231147
511,24.1488598511,511,24.4583164733
512,18.8252503399,512,23.2259763981
513,14.9972180739,513,21.7376301663
514,11.9035979982,514,20.1781216122
515,11.5653727435,515,18.8405152823
516,12.3654545851,516,17.7124491883
517,11.4540423837,517,16.7859856135
518,10.9416963603,518,16.2146874414
519,13.1825275041,519,15.9403336295
520,14.2001722671,520,15.9530268842
521,15.9560601685,521,16.2452660093
522,19.3364051461,522,16.7232088098
523,21.286105115,523,17.3329699262
524,21.6587737251,524,18.1149270874
525,21.3987753596,525,19.1737805411
526,20.0335526723,526,20.5568210586
527,19.0156491611,527,22.206419395
528,19.3808049493,528,24.1264800014
529,19.0727400057,529,26.1397384582
530,20.7117894895,530,28.1016722147
531,24.0948120039,531,30.1746154923
532,27.3368441883,532,32.5335411853
533,31.6873041239,533,35.2197357715
534,37.9265025489,534,38.4596076551
535,43.0010813631,535,42.2747218557
536,46.1549370207,536,46.4581789766
537,48.7654114947,537,50.9141005758
538,52.3802542783,538,55.5037033591
539,57.0426591203,539,59.8437595487
540,61.6916941524,540,63.924971111
541,68.6316309266,541,67.5638134921
542,76.2423621699,542,70.4560705649
543,82.1326617632,543,72.6683749221
544,85.911563994,544,74.4011136976
545,89.5558312386,545,75.5289436681
546,89.1956548482,546,76.0932085013
547,88.5550176229,547,76.1435674002
548,86.2699398395,548,75.6823190661
549,81.3103586413,549,74.5628012623
550,76.185646721,550,72.8306037427
551,72.1460186537,551,70.7145104771
552,65.6828610521,552,68.3921705329
553,60.8442267761,553,65.9516509029
554,57.798042604,554,63.8179592471
555,54.7729691397,555,62.205297119
556,51.8388638698,556,61.1159638064
557,50.2593993764,557,60.7903066699
558,50.3912627786,558,61.1502649537
559,51.0764648322,559,61.8622791167
560,52.948036788,560,63.0421218429
561,57.1902800106,561,64.5224023855
562,64.3650857016,562,66.173431766
563,69.9299401503,563,67.9880056603
564,76.4255015947,564,70.0850210113
565,81.5850209776,565,72.2196971914
566,82.8262310985,566,74.2846842075
567,83.3805019446,567,76.2038406424
568,83.0484349154,568,77.8220636465
569,82.5634833112,569,79.0047332133
570,81.9915775545,570,79.6276422353
571,83.2940941352,571,79.7891650628
572,82.2795420781,572,79.2423712988
573,81.3660680197,573,78.2295672439
574,79.8638113566,574,76.9688821686
575,77.2213818487,575,75.5818905421
576,74.9303235132,576,74.0800450953
577,73.7087210312,577,72.6448206381
578,72.352782562,578,71.2351117116
579,68.223595136,579,69.8021696031
580,66.3929601531,580,68.483903608
581,63.9159549687,581,67.451480754
582,62.5756275482,582,66.7037616201
583,60.5207532123,583,66.32362144
584,61.0351164535,584,66.3603345959
585,60.8459436577,585,66.6564199016
586,61.7999625068,586,67.0822527003
587,62.5055521518,587,67.9438905656
588,65.8797252107,588,69.0229960851
589,68.6480243471,589,70.3145081068
590,71.5192791473,590,71.7620318097
591,75.4810208522,591,73.326662614
592,78.1500006173,592,74.7005462147
593,78.7402745418,593,76.0637485388
594,81.148163116,594,77.2688087283
595,82.579542945,595,78.3505066383
596,83.2886352938,596,79.1957604496
597,84.2884830922,597,79.9177417016
598,83.9902152769,598,80.3477087062
599,81.6433704637,599,80.4295408596
600,81.2939785201,600,80.2115099407
601,79.8758653492,601,79.8902671653
602,78.7310208008,602,79.3025668783
603,78.5585323803,603,78.6975651425
604,79.4777431279,604,78.0318585169
605,77.9687842157,605,77.2483761862
606,76.7085031528,606,76.3798444132
607,74.8795368351,607,75.698245324
608,73.9216329094,608,74.8402430787
609,72.3326588113,609,74.0082753454
610,73.5045169078,610,73.2086074228
611,73.3030359101,611,72.2934384985
612,72.5362481315,612,71.0125991616
613,70.9622386824,613,69.5698163003
614,71.4193841252,614,67.8626770574
615,68.4239448417,615,65.7785487181
616,67.3963493489,616,63.3683314864
617,66.7360019621,617,60.7602337687
618,64.8309985157,618,57.7794558118
619,60.2651530746,619,54.7173415172
620,56.3270412967,620,51.8986447121
621,51.1014145091,621,49.5070595383
622,43.617611745,622,47.5114651672
623,37.7683744341,623,46.2912918271
624,33.2111930452,624,45.5752059082
625,28.7928475548,625,45.3012362948
626,27.3713214904,626,45.5117242776
627,30.2557960555,627,46.3565831396
628,35.0884610757,628,47.5977557187
629,41.4854685582,629,49.2949745921
630,50.1213447411,630,51.4153385639
631,56.6550605655,631,53.6646617772
632,62.6264577597,632,55.8665221679
633,67.9883182585,633,58.1285351547
634,72.9380360041,634,60.0871640073
635,74.9446299832,635,61.4128859827
636,76.5596976109,636,62.1633366648
637,75.4230713222,637,62.3327014532
638,71.5082226336,638,61.6856770323
639,66.239098905,639,60.612181194
640,62.7230423573,640,59.2977684409
641,56.7507542793,641,57.8626155234
642,50.1416256867,642,56.2445392693
643,46.3452213064,643,54.808424942
644,44.025940384,644,53.6178303302
645,40.415978428,645,52.9729516828
646,40.5526229914,646,53.0179632729
647,42.9102664631,647,53.8305723339
648,46.4610244956,648,55.2427897353
649,48.6668921929,649,57.2637436689
650,53.4029150739,650,59.8153626937
651,58.7007784337,651,62.6837951575
652,65.7498916112,652,65.9208131478
653,72.1833964854,653,69.5596817562
654,78.4282348201,654,73.3024636324
655,83.9063033778,655,77.0721465828
656,87.0650632836,656,80.6885746404
657,88.4159110591,657,84.0715525542
658,89.3717082631,658,86.9387655178
659,92.5812102381,659,89.3924337106
660,94.9990075536,660,91.2212193445
661,96.6943511356,661,92.5817229048
662,99.455510718,662,93.438607454
663,100.7074453603,663,93.9456746299
664,99.411560899,664,94.2157783764
665,96.4111095291,665,94.2649611137
666,95.5058013257,666,93.9105162436
667,93.1816761192,667,93.0276642367
668,92.5909498904,668,91.6359337375
669,91.2815030579,669,89.6357149003
670,91.5123110153,670,87.0617054165
671,91.1166194811,671,84.2469433393
672,89.1536521189,672,81.4554962286
673,84.0550352123,673,78.8982156927
674,79.338430135,674,76.6585658298
675,74.1230500642,675,74.8711831477
676,66.6910685778,676,73.2833669576
677,60.8453684609,677,72.0040290962
678,58.4860142022,678,70.8838720004
679,57.5398542389,679,69.8524611066
680,58.0519014906,680,69.0116293368
681,61.9110533822,681,68.6602271675
682,66.3709358871,682,68.7805356707
683,68.77370704,683,69.3835329339
684,72.0914351366,684,70.7937746954
685,74.7099545784,685,72.8980280338
686,75.6454560738,686,75.4692673902
687,76.5411755722,687,78.3123786831
688,78.7840026718,688,81.2066047901
689,81.1430576831,689,83.7771632291
690,83.1680090129,690,86.0000880681
691,87.8446950007,691,87.9895554675
692,92.4091685358,692,89.6696505067
693,97.054604549,693,91.1847888407
694,100.1865236316,694,92.6990967183
695,101.4652930964,695,94.118678226
696,100.4694299668,696,95.308656462
697,99.7148084722,697,96.2334383592
698,98.6157180309,698,96.8359786219
699,97.2928607244,699,96.7037387342
700,97.437029589,700,95.973624946
701,98.3600742381,701,94.6472553132
702,97.8348981872,702,92.8503521732
703,96.6336762123,703,90.7737577964
704,95.014786141,704,88.7579048413
705,92.2061129529,705,86.6560102378
706,85.8610966854,706,84.4667924835
707,81.4574617133,707,82.1441750465
708,77.1590600561,708,79.6071327902
709,73.2329765327,709,76.8805287314
710,70.3163774434,710,74.1483499918
711,70.2316356398,711,71.4766350346
712,68.1863894202,712,68.9304850334
713,65.777451716,713,66.6038221879
714,62.4535991695,714,64.8204587039
715,59.3813957445,715,63.4955433607
716,57.4610133562,716,62.7050056386
717,56.8522170935,717,62.5112879158
718,56.5579518542,718,62.7599171651
719,56.8225361228,719,63.0630672571
720,57.306170271,720,63.6534348379
721,59.1106444247,721,64.4588792144
722,61.5837315653,722,65.3712152625
723,65.3009942256,723,66.5307380615
724,70.3272106905,724,67.88381554
725,74.0458161827,725,69.1925736927
726,74.7788870193,726,70.4583692034
727,77.0419031329,727,71.8636318018
728,77.8591173626,728,73.4672546548
729,76.1386398919,729,75.2751668421
730,76.7742377289,730,77.2178553606
731,77.7571755338,731,79.2064874837
732,76.4835893847,732,81.040082958
733,75.5448845148,733,82.5441171964
734,77.9014750984,734,83.7584890315
735,81.3605130654,735,84.4636839814
736,86.2293272346,736,84.6401892826
737,90.7240593433,737,84.3831204092
738,95.1304760709,738,83.6715682268
739,97.8311428051,739,82.6586885037
740,96.6063297588,740,81.6539835785
741,92.9944645464,741,80.6573845671
742,87.6198273819,742,79.4853556842
743,80.5066968799,743,78.228315578
744,72.2826067913,744,76.7348317963
745,66.1009549931,745,75.0884600819
746,62.5639796872,746,73.5201782667
747,61.4130155068,747,72.4571042852
748,60.5958993435,748,72.191126449
749,60.3210418552,749,72.9757451724
750,62.5049114723,750,74.826247413
751,63.8270705089,751,77.784758983
752,66.028483627,752,81.5210368016
753,71.6062488437,753,85.4366404668
754,81.8850330822,754,89.1091633329
755,92.6166622158,755,92.3608308121
756,104.7637453977,756,95.023718103
757,115.3773609906,757,97.1401474784
758,124.8843704298,758,98.8029979118
759,128.32677407,759,100.0184358694
760,124.8350099709,760,100.7295714959
761,117.6518226787,761,100.6488668921
762,110.1880276956,762,99.4544231038
763,100.5392087068,763,97.1707978786
764,92.0674824864,764,93.8539028918
765,87.4476679727,765,89.8124296923
766,82.0586398728,766,85.2733540951
767,76.6955180246,767,80.868928775
768,70.3956797864,768,77.185861241
769,63.9683762573,769,74.6164649103
770,58.3622838382,770,73.0014507933
771,55.0103205953,771,72.4981274547
772,54.7552629985,772,72.803833099
773,56.7982364722,773,73.5414471265
774,62.2603942685,774,74.7223787263
775,69.5889969613,775,76.3673754691
776,79.1108777177,776,78.4481118763
777,85.9628159415,777,81.0144979927
778,92.9893586274,778,83.9156821575
779,96.6530671511,779,86.9102531893
780,98.5118783843,780,89.764806339
781,99.7726138707,781,92.3194549406
782,101.3704691656,782,94.418338577
783,101.6067258954,783,96.0206316107
784,102.4641680028,784,97.0976764824
785,101.8800463099,785,97.8565757494
786,99.9288860723,786,98.2506003935
787,97.573560245,787,98.5020982389
788,95.1179654952,788,98.7088342183
789,93.7436488148,789,98.7535781784
790,93.6233924665,790,98.5071025568
791,95.2665507942,791,98.0509868657
792,97.3463049456,792,97.3092276306
793,98.8997282892,793,96.4315455909
794,100.4255348321,794,95.4114636233
795,101.6129180748,795,94.3973249047
796,100.4437732726,796,93.4878683752
797,97.6733348418,797,92.546468148
798,94.7649905287,798,91.4226953083
799,91.3377794769,799,90.1975126013
800,88.7148157142,800,88.83600267
801,84.6276565578,801,87.4679811146
802,82.3614794664,802,86.0689624063
803,81.4761175524,803,84.6098027597
804,79.6226454068,804,83.2192906034
805,76.7667998701,805,81.7904652117
806,76.8888101906,806,80.2040857733
807,76.923655976,807,78.5748562386
808,78.3794049583,808,76.8785851518
809,79.4402542077,809,75.1439727815
810,79.725523375,810,73.4865885113
811,79.5860909283,811,71.8257542085
812,76.2409539659,812,70.3267054745
813,70.9692989532,813,69.104888057
814,66.8993364569,814,67.9598013288
815,63.2707494121,815,66.9632725851
816,58.6084710024,816,66.035644348
817,57.5007154133,817,65.133923849
818,56.5636030111,818,64.4722391814
819,57.136914397,819,64.3060140074
820,58.4395386077,820,64.8479795143
821,59.7125092674,821,66.2365285053
822,61.9757248204,822,68.2224220764
823,64.4649814013,823,70.7479370436
824,65.9144467223,824,73.791392449
825,69.8002533615,825,77.0418686924
826,77.0927133188,826,80.5431400365
827,84.3704365682,827,84.2756719271
828,91.7975338195,828,87.9172905825
829,96.6877400234,829,91.2826264022
830,101.1534739189,830,94.1567931653
831,104.2603020836,831,96.3139293753
832,106.257859065,832,97.8517398637
833,109.0826731727,833,98.6996031269
834,113.124892756,834,98.5902861103
835,113.063818438,835,97.5654083888
836,110.1925465629,836,95.7704932632
837,105.0882262681,837,93.5371375444
838,96.822024551,838,90.9803126358
839,88.9816040475,839,88.4390311833
840,82.5182023108,840,86.0905086895
841,75.4529580694,841,83.8898292339
842,68.9972707458,842,81.6360344626
843,64.8738069348,843,79.6955703977
844,63.1874042418,844,78.1985080666
845,62.8011002898,845,77.242338839
846,66.1410802968,846,76.9606124497
847,71.0300216567,847,77.224324691
848,76.0724813398,848,77.7041972769
849,79.317971186,849,78.3019499899
850,83.9568574641,850,78.851472122
851,87.7366115972,851,79.3328392678
852,90.7456878543,852,79.7598572681
853,92.5961287115,853,80.1362778064
854,92.9372876659,854,80.1966456824
855,89.7162910998,855,80.034352364
856,84.4192487646,856,79.7143953612
857,77.2401027277,857,79.2805106901
858,72.0943141211,858,78.6135209257
859,69.5926742468,859,77.9386580938
860,68.4474083632,860,77.2111143197
861,67.0465984371,861,76.4300618671
862,68.5956218805,862,75.5671011966
863,71.2731262982,863,74.9522116915
864,72.8097011194,864,74.677201796
865,73.9520109989,865,74.8102808557
866,77.6136691187,866,75.1106214601
867,79.8325312421,867,75.4298372094
868,80.8803419229,868,75.5235016096
869,79.9928776085,869,75.3576521232
870,80.4929485235,870,74.8835005706
871,80.2941003308,871,74.0904145253
872,79.2362886235,872,73.1527024698
873,76.5994231869,873,72.213158293
874,74.3809104871,874,71.2639435235
875,69.8523743659,875,70.2760393081
876,64.5588561416,876,69.2968798816
877,61.4833485913,877,68.3985525369
878,59.3768356185,878,67.6057872036
879,58.7440202869,879,66.8875608953
880,59.8588483468,880,66.3747579752
881,63.3754475769,881,66.2936769316
882,65.0139680106,882,66.4966680369
883,66.1929505259,883,67.052348864
884,66.517967438,884,67.8928151696
885,68.601468524,885,68.8627106301
886,69.5207057055,886,69.8439767496
887,71.5442448225,887,70.8518952606
888,75.383207532,888,71.7681459075
889,77.4257770669,889,72.5137370103
890,78.1875867724,890,73.2883525592
891,77.1658507258,891,73.9414706135
892,76.0317804996,892,74.7850195041
893,74.0958274107,893,75.7226552388
894,73.862797951,894,76.8587834157
895,73.6026080515,895,78.0733197572
896,74.559314118,896,79.4558320254
897,76.6332012441,897,80.9749369562
898,75.9897213403,898,82.7501225918
899,79.171200797,899,84.8550273259
900,82.6660045449,900,87.2659685506
901,86.5626283586,901,89.9441946388
902,89.7622899454,902,92.6258859044
903,96.1208915547,903,95.1598949621
904,100.2123510294,904,97.4710342925
905,104.8153713062,905,99.4473290237
906,108.7394217379,906,101.152782196
907,112.1958988693,907,102.2376494695
908,114.2692187339,908,102.6280798974
909,114.0881669343,909,102.1287612212
910,111.6127439175,910,100.8568648086
911,109.2264040742,911,98.691694976
912,106.2776222117,912,96.2037314995
913,101.5715189256,913,93.4211914736
914,95.4442098983,914,90.5753260516
915,88.5224609647,915,87.858086701
916,79.0728482157,916,85.2815564319
917,70.683843755,917,82.860478444
918,63.643344067,918,80.840947906
919,62.8928988811,919,79.1641834996
920,63.0772709183,920,77.7819734628
921,66.051440407,921,76.9044509855
922,71.437308611,922,76.5421864965
923,75.6212646965,923,76.6701457859
924,77.7719971173,924,77.4619781946
925,81.3197858464,925,78.6644155287
926,84.0749379791,926,80.163762932
927,85.5444716591,927,81.5926038801
928,88.4086817667,928,82.873103404
929,90.010242562,929,83.8435308791
930,90.4418503065,930,84.5465545475
931,90.9503343463,931,84.9942485252
932,88.7204037659,932,85.2805471359
933,86.1335551169,933,85.1671634143
934,84.3255131029,934,84.7305329938
935,82.2847637765,935,83.9158997594
936,80.6078525331,936,82.6955510876
937,81.9826636374,937,81.1172090376
938,82.3366743617,938,79.3416867569
939,82.0664762788,939,77.3884497228
940,79.6190300211,940,75.5817201081
941,77.5254816726,941,73.9933848717
942,73.3249731433,942,72.6399088503
943,70.1034516897,943,71.5473948774
944,66.3351118118,944,70.7500846989
945,63.8090160962,945,70.0603135193
946,61.6517788339,946,69.6460570002
947,61.6194595456,947,69.6164672198
948,62.3085265715,948,70.2635549143
949,64.0233727813,949,71.5873799941
950,65.8970541827,950,73.6713354562
951,68.6481998563,951,76.3040687277
952,71.6360959426,952,79.4762199774
953,76.1228265755,953,82.9336788978
954,81.6226295725,954,86.5163408325
955,89.3253454387,955,89.9345369842
956,97.3828578699,956,93.1089578673
957,104.5843050756,957,95.8317899216
958,109.594450761,958,98.1759617216
959,113.9173805576,959,100.0721632051
960,115.6708999019,960,101.5160953573
961,115.3917078555,961,102.445133407
962,112.8924018208,962,102.778044887
963,109.9248398177,963,102.3478872807
964,104.8658535961,964,101.4103581767
965,101.0596311826,965,100.0563832308
966,97.0912221082,966,98.4516990153
967,93.2950782262,967,96.7520230026
968,90.058397321,968,95.2529828801
969,86.6163017716,969,93.8571479472
970,82.8729813453,970,92.6492974154
971,83.3199213099,971,91.6246287411
972,84.2746808868,972,90.7336275325
973,85.5241875283,973,89.6984531434
974,88.4222403672,974,88.3393925808
975,93.1852980636,975,86.7404967432
976,94.4541838624,976,84.7797094473
977,94.7746438447,977,82.6639960795
978,94.5548097029,978,80.5741511237
979,91.5008354668,979,78.3742752472
980,85.5320153467,980,76.0641941372
981,76.7053136684,981,73.8251230115
982,69.3116406631,982,71.561984778
983,60.6465878822,983,69.3223258786
984,54.8806012549,984,67.3675517562
985,51.5253070071,985,65.7240922006
986,50.321783163,986,64.481337455
987,49.6234642368,987,63.8886047502
988,51.9381206434,988,63.9538160261
989,54.4751668643,989,64.9716702743
990,59.5904145718,990,66.9004643547
991,65.1325720269,991,69.7317693429
992,70.122750511,992,73.2014906541
993,75.9134885181,993,77.2092658581
994,82.6098448951,994,81.4076601225
995,86.5101844855,995,85.8042224307
996,91.9731273912,996,90.0738830543
997,98.2435518686,997,94.2321037064
998,103.1161627054,998,98.139870341
999,106.9264209226,999,101.7100468345
1000,111.6419350673,1000,104.87778199
1001,113.2976971295,1001,107.6383656112
1002,115.5718988594,1002,109.7958937424
1003,115.9830299981,1003,111.3566112185
1004,116.848476645,1004,112.2252842496
1005,118.2069140915,1005,112.4334211718
1006,118.6852194291,1006,112.1364854013
1007,117.6387778435,1007,111.4215956548
1008,117.3222428363,1008,110.1966880724
1009,114.9727668628,1009,108.8693191797
1010,109.9209466279,1010,107.2336821486
1011,105.0032228574,1011,105.2959590551
1012,101.3656057011,1012,103.0638312012
1013,98.6621261477,1013,100.4852062001
1014,96.2030747261,1014,97.6115944369
1015,93.2683213301,1015,94.662631852
1016,93.3871637389,1016,91.786814343
1017,91.0373433933,1017,89.1897234891
1018,86.9171835963,1018,87.2227108633
1019,83.3665588368,1019,85.7998220294
1020,79.5275390748,1020,84.8252966731
1021,75.5810429808,1021,84.1650404073
1022,73.4043390699,1022,83.8602321668
1023,74.184980201,1023,83.8841314551
1024,76.0164040539,1024,84.1131955987
1025,80.4157572415,1025,84.7148663076
1026,83.6598903485,1026,85.7225760279
1027,86.7477253564,1027,86.9880495067
1028,88.7582821615,1028,88.458328496
1029,91.6309511185,1029,90.0176268357
1030,93.6268106543,1030,91.4409714719
1031,96.8231258929,1031,92.6194281806
1032,100.0624040265,1032,93.5224871833
1033,102.0328294013,1033,94.0520323046
1034,102.3486610193,1034,94.4587551725
1035,101.5817239139,1035,94.8937625121
1036,98.970518076,1036,95.4406174675
1037,94.7545086138,1037,95.9186907162
1038,91.8618308309,1038,96.4324224124
1039,89.5622890949,1039,96.7451620662
1040,88.3589340605,1040,96.8077946257
1041,89.7607333668,1041,96.7304023832
1042,93.272835451,1042,96.8235210237
1043,96.9611064915,1043,96.9308128549
1044,98.8020498499,1044,97.2541363701
1045,101.3327860966,1045,97.7798968614
1046,101.5142206997,1046,98.2671029773
1047,101.0018924195,1047,98.626192316
1048,100.871945763,1048,98.9386326111
1049,103.745440628,1049,98.9199254707
1050,103.1911013808,1050,98.4860354139
1051,103.8203708049,1051,97.697494542
1052,102.6409159835,1052,96.5472219622
1053,99.169922569,1053,94.9497222257
1054,94.9486291755,1054,93.1614808252
1055,93.0455384869,1055,91.3348152118
1056,89.4801262598,1056,89.431194444
1057,86.7644845992,1057,87.3462633634
1058,85.1329934131,1058,85.3814328666
1059,81.5479611535,1059,83.4837132918
1060,77.3702900492,1060,81.7625622534
1061,74.6905996919,1061,80.3915776094
1062,73.6019082181,1062,79.4288465427
1063,72.3176342469,1063,78.7046555967
1064,72.4714744188,1064,78.3008412397
1065,73.7186439291,1065,78.0937774747
1066,75.3545771822,1066,78.0015996998
1067,76.8236504082,1067,78.2171962027
1068,78.605152908,1068,78.7676167319
1069,80.5076631762,1069,79.4735598852
1070,82.1826742966,1070,80.1624554267
1071,83.4229109041,1071,80.9415518326
1072,83.6585281249,1072,81.5792803855
1073,83.7503267888,1073,82.0693699184
1074,84.7819086973,1074,82.5398707421
1075,85.6265979882,1075,83.2218334288
1076,85.2797469907,1076,84.002235155
1077,83.9353413407,1077,84.9348485676
1078,84.0040803354,1078,86.0233985584
1079,82.0374027126,1079,87.3254182571
1080,81.0699869219,1080,88.7322753175
1081,82.4120895375,1081,90.3531404061
1082,87.0530907094,1082,92.1728027145
1083,90.3111788001,1083,94.139259597
1084,94.4968643658,1084,96.0811887669
1085,98.5109241582,1085,98.2846287977
1086,102.9532063846,1086,100.5216599567
1087,104.7613840319,1087,102.9777772107
1088,108.0633031178,1088,105.5623875953
1089,112.0768433221,1089,108.208078571
1090,115.1234512262,1090,110.4573141414
1091,114.4086845398,1091,112.495843311
1092,116.9869418021,1092,114.0183375537
1093,117.5595477201,1093,115.0439349951
1094,118.8791615237,1094,115.5228106177
1095,119.8391426895,1095,115.577185139
1096,122.0974541735,1096,114.8792635152
1097,120.7916242652,1097,113.5397981596
1098,120.8891163439,1098,111.7427392999
1099,117.3342780076,1099,109.7743400958
1100,113.8948857788,1100,107.3906123033
1101,110.1363407236,1101,104.9702178298
1102,105.5770018514,1102,102.5143107858
1103,97.594478761,1103,99.9854784123
1104,91.9848629877,1104,97.4600299771
1105,88.1675683301,1105,95.3717188052
1106,84.8826964788,1106,93.4826571741
1107,81.2310249154,1107,92.0591906521
1108,81.2536306173,1108,91.0705149156
1109,82.0405558631,1109,90.4145414981
1110,81.9066570878,1110,90.1976672526
1111,84.2157276455,1111,90.7604138672
1112,89.4669566866,1112,91.8439590015
1113,92.5531918768,1113,93.2742222117
1114,95.9822801776,1114,94.9360630559
1115,99.0647497319,1115,96.5673472048
1116,100.2967394598,1116,97.8098092492
1117,102.32388817,1117,98.6327933918
1118,106.0356779791,1118,99.1373989076
1119,108.2380400028,1119,99.1421016245
1120,109.6215164829,1120,98.60650825
1121,109.8103091426,1121,97.7710424627
1122,105.700287148,1122,96.7067045493
1123,99.890561283,1123,95.4222091714
1124,94.3853180032,1124,94.1401121725
1125,89.4757398248,1125,92.7241747489
1126,84.2862683989,1126,91.2219849216
1127,81.433056068,1127,89.715469254
1128,80.021205068,1128,88.3558557851
1129,80.0172114767,1129,87.3118938947
1130,79.7973190635,1130,87.1035432334
1131,81.0652844753,1131,87.7413788545
1132,81.0848268166,1132,89.1042969326
1133,83.5028305691,1133,91.02044909
1134,85.6403049894,1134,93.3669408399
1135,89.2273144495,1135,95.8295728591
1136,94.1508807864,1136,98.3759459088
1137,102.5750272278,1137,100.9063335106
1138,109.4580956001,1138,103.6152019599
1139,114.8290891755,1139,106.4489557149
1140,118.2180221856,1140,109.6113648602
1141,119.4836446464,1141,112.796779785
1142,118.3725363571,1142,116.2404423478
1143,118.2168008137,1143,119.6648624616
1144,117.973025503,1144,122.9458249184
1145,120.4303458031,1145,125.7148366361
1146,123.5715908002,1146,128.1394925828
1147,128.5209639955,1147,130.0317043221
1148,131.2840544421,1148,131.5695471355
1149,137.2952434309,1149,132.8154899671
1150,140.593616157,1150,133.909781832
1151,143.3653176371,1151,134.5934916418
1152,144.1102029935,1152,134.8638898119
1153,145.8279348016,1153,134.4714937199
1154,143.2122652642,1154,133.4845925855
1155,141.2856643874,1155,131.7971148213
1156,138.1727871202,1156,129.7187325968
1157,134.7869143311,1157,126.953349591
1158,128.4724479605,1158,123.8375848638
1159,122.0289980542,1159,120.4628228598
1160,114.5444044232,1160,117.2142681487
1161,108.7680737838,1161,114.0955517407
1162,103.2087975327,1162,111.6430046209
1163,100.1083210748,1163,109.6716428062
1164,95.8144983433,1164,108.1893949071
1165,93.8571452487,1165,107.0523342249
1166,92.7438875772,1166,106.5534721468
1167,95.3818823282,1167,106.695085949
1168,99.0471886806,1168,107.6311386862
1169,106.4240584672,1169,109.14358141
1170,111.7152371675,1170,111.1922751252
1171,115.9390686337,1171,113.461923332
1172,117.7310040984,1172,116.0718240258
1173,120.989516788,1173,118.7687092124
1174,124.1532050874,1174,121.6597666802
1175,128.585195481,1175,124.3119703268
1176,131.4547146406,1176,126.6087527098
1177,133.9392032612,1177,127.9591686076
1178,134.1530441765,1178,128.5973804992
1179,134.963008751,1179,128.5772759984
1180,134.3104230475,1180,128.2196748723
1181,136.1097495947,1181,127.4544648975
1182,135.1649370261,1182,126.3455043488
1183,133.4989244267,1183,124.7720005517
1184,126.6802969333,1184,122.7713568522
1185,121.2884155419,1185,120.3911616175
1186,115.6375011224,1186,117.9144265515
1187,112.366987206,1187,115.4017591992
1188,109.5113671657,1188,112.9319598503
1189,107.5187968567,1189,110.3726964771
1190,104.9826385252,1190,108.1122116746
1191,101.4450591479,1191,106.2029006046
1192,98.2362747408,1192,105.0204819946
1193,97.0020181872,1193,104.515837561
1194,97.2729984663,1194,104.7018145198
1195,97.2634328134,1195,105.0184345034
1196,97.7207989965,1196,105.3879512068
1197,101.2576649882,1197,105.6247462729
1198,104.8592583772,1198,105.8040590677
1199,108.9440177836,1199,106.013639352
1200,113.7187490374,1200,106.4620596391
1201,118.4271555047,1201,106.9697587995
1202,117.1162869595,1202,107.4348818258
1203,115.0541177172,1203,107.8146788375
1204,111.0707228485,1204,107.9985898632
1205,107.6723304477,1205,107.836666234
1206,104.5887634125,1206,107.2984480572
1207,104.9625790473,1207,106.5634870768
1208,104.6175055921,1208,105.6547744185
1209,104.2498438608,1209,104.7385121608
1210,102.9603879899,1210,104.1723887595
1211,100.4794643812,1211,103.8969827366
1212,98.8288105503,1212,104.0422847252
1213,96.785985725,1213,104.5728458699
1214,97.9196030784,1214,105.3978006528
1215,100.0880591631,1215,106.2248759464
1216,104.6832216386,1216,107.3466735043
1217,108.62443594,1217,108.6797222735
1218,110.9230273742,1218,110.3109888216
1219,113.2502526775,1219,112.3946020715
1220,115.6307476178,1220,114.7767180898
1221,116.9630851563,1221,117.2955059111
1222,117.3687084515,1222,119.547480518
1223,121.4444689598,1223,121.2759151357
1224,124.2455753986,1224,122.1833341855
1225,127.4293862112,1225,122.5079916771
1226,131.7336631309,1226,122.251044906
1227,134.5605508242,1227,121.631996912
1228,134.5678030442,1228,120.635933441
1229,131.6992221821,1229,119.311241356
1230,126.0145784285,1230,117.576278852
1231,118.2945073854,1231,115.1704732375
1232,113.4942983143,1232,112.2111567332
1233,107.0688258071,1233,108.8626351708
1234,103.964532768,1234,105.1892629067
1235,100.6897955533,1235,101.3566563039
1236,97.0927038815,1236,97.7712387117
1237,91.3442708906,1237,94.6684341094
1238,85.3573847428,1238,92.214704368
1239,79.8558278337,1239,90.5126702617
1240,77.2015627749,1240,89.353561666
1241,76.6330791697,1241,88.9008073501
1242,77.0714517824,1242,88.8270424438
1243,80.7865391612,1243,89.0947837801
1244,85.1571531478,1244,89.8067166335
1245,89.2086323071,1245,91.1778408623
1246,92.7639957905,1246,93.0137341199
1247,96.1076693788,1247,95.3600499653
1248,100.2775110696,1248,97.9977321991
1249,102.8580591727,1249,100.7555719407
1250,104.7059155986,1250,103.4530940032
1251,107.7716966815,1251,105.8982253384
1252,111.9111343239,1252,108.0142519082
1253,112.8957836054,1253,109.8694786491
1254,115.0505655155,1254,111.1883251416
1255,116.7667962819,1255,112.0515440259
1256,118.0006752931,1256,112.4012400536
1257,117.5342827197,1257,112.3646924457
1258,117.4635091901,1258,112.032810857
1259,116.8975516949,1259,111.5382767826
1260,117.0370334197,1260,110.8158714494
1261,112.5466931783,1261,110.0718247439
1262,109.0559526432,1262,108.9990969565
1263,105.5229514863,1263,107.5148087045
1264,102.309845053,1264,105.7060677419
1265,99.7276917681,1265,103.6473669589
1266,100.3536855664,1266,101.4945029719
1267,101.0750543259,1267,99.5431530576
1268,101.735083022,1268,97.9311423732
1269,98.9596487049,1269,96.9812318608
1270,94.502472502,1270,96.6400915037
1271,90.8695608538,1271,96.8131329532
1272,86.6537709747,1272,97.4428586147
1273,85.1705493852,1273,98.3940171593
1274,87.6273029804,1274,99.5188123725
1275,92.8568731539,1275,101.0177949982
1276,98.298035492,1276,102.8733213622
1277,103.9388472874,1277,105.4151583967
1278,108.1185732283,1278,108.7154923484
1279,111.7557299763,1279,112.5632363472
1280,113.9950699359,1280,116.7760398186
1281,117.2256137654,1281,120.9923913318
1282,123.5597937103,1282,124.7297636835
1283,129.5679784827,1283,127.9387303877
1284,137.0872042216,1284,130.6434807945
1285,144.0074817777,1285,132.9296992324
1286,148.5857208356,1286,135.1242992846
1287,149.8458230466,1287,137.2294362929
1288,148.4158220831,1288,139.2080568785
1289,143.687888255,1289,140.8191060584
1290,140.991373717,1290,141.7121148147
1291,138.8692915946,1291,141.818355392
1292,138.2321238555,1292,141.1685885457
1293,141.0375740111,1293,139.7957753205
1294,143.3327851016,1294,138.0270532397
1295,143.6743787196,1295,136.1032228403
1296,141.391351464,1296,134.1486007868
1297,136.9549250543,1297,132.3525812035
1298,131.1615871429,1298,130.4839300069
1299,127.3407015264,1299,128.5613180336
1300,123.4152834002,1300,126.5434513306
1301,122.0548896231,1301,124.2093343448
1302,120.9883670557,1302,121.7883876706
1303,119.0964912806,1303,119.5416748285
1304,116.7475945055,1304,117.5689356492
1305,112.9616057683,1305,116.0022645203
1306,110.0301119946,1306,114.9986791027
1307,107.9641233105,1307,114.2294359723
1308,106.0258192252,1308,113.7647823975
1309,107.0185849883,1309,113.3059549334
1310,109.9736860875,1310,112.8606260025
1311,111.8002637755,1311,112.5725779068
1312,113.4548581205,1312,112.4216266144
1313,116.1078058787,1313,112.4471370432
1314,115.8020545706,1314,112.7737475685
1315,116.4454797786,1315,113.3300093965
1316,115.1724776614,1316,113.9987000973
1317,114.3084330913,1317,114.7007390623
1318,114.775769845,1318,115.3292702392
1319,114.4833251201,1319,115.8976762157
1320,113.3442622002,1320,116.4775149165
1321,114.9292698745,1321,116.9039731818
1322,116.3080507308,1322,117.4703979926
1323,116.0561797366,1323,118.0380327487
1324,117.5491694629,1324,118.8013473171
1325,119.401653742,1325,119.656953052
1326,120.3263534226,1326,120.7606120674
1327,122.152438632,1327,122.086919308
1328,122.5046798579,1328,123.6300890606
1329,124.2984267328,1329,125.0232301653
1330,124.9600011203,1330,126.3800339887
1331,126.6221961882,1331,127.698466228
1332,127.1425191142,1332,128.7650883869
1333,131.330655076,1333,129.6726790325
1334,134.3779337283,1334,130.5783256275
1335,136.4918084893,1335,131.198964151
1336,135.8263864454,1336,131.6637643022
1337,136.6601080813,1337,131.9335527656
1338,135.8326633263,1338,132.0375165422
1339,133.5485018466,1339,131.8508536065
1340,133.0155134268,1340,131.5962787992
1341,133.911052347,1341,131.0468197495
1342,131.4620164853,1342,130.3786517091
1343,129.4766821254,1343,129.6701888177
1344,128.3452536833,1344,129.3291443969
1345,126.5194577698,1345,129.2740224892
1346,123.8222521525,1346,129.6130663881
1347,123.3238970041,1347,130.2029935865
1348,123.0887693316,1348,130.8008020874
1349,124.3554131214,1349,131.1904306129
1350,125.8648651186,1350,131.4959171318
1351,130.7107201342,1351,131.5848289107
1352,135.8332794655,1352,131.4639618284
1353,140.9183218099,1353,131.3235873561
1354,142.3974098217,1354,131.1694354677
1355,141.9826409407,1355,130.866226911
1356,139.7554802299,1356,130.5360595211
1357,136.0443142686,1357,130.2371522061
1358,130.8103588093,1358,129.8506901457
1359,126.5322474487,1359,129.1438284127
1360,124.4138406847,1360,128.2026474206
1361,121.5099738274,1361,126.9744447885
1362,118.7757686526,1362,125.5344137014
1363,118.1362584829,1363,124.2113414689
1364,119.8718033969,1364,123.2750587916
1365,120.0679342128,1365,122.7123332217
1366,120.1077941384,1366,122.6378434125
1367,121.7155645844,1367,122.9864682856
1368,122.4952823292,1368,123.4730773683
1369,120.7969435148,1369,123.9979057362
1370,122.1365574528,1370,124.5763605419
1371,125.7112400711,1371,125.0320835706
1372,127.6034307193,1372,125.2310781527
1373,129.6930116709,1373,125.3947872271
1374,131.7616205465,1374,125.5673932328
1375,131.712976924,1375,125.5864831991
1376,129.3823993463,1376,125.6093610221
1377,127.4525907386,1377,125.8984747471
1378,124.9721039124,1378,126.1503604999
1379,122.8567221295,1379,126.3929995414
1380,122.5235703278,1380,127.0291862052
1381,122.6968842246,1381,128.083076031
1382,122.0019140784,1382,129.7668001731
1383,122.8384496752,1383,132.4964908073
1384,125.1336493894,1384,136.564419826
1385,125.9148437448,1385,142.0182203137
1386,129.3508256927,1386,149.1298089803
1387,137.1462306764,1387,157.8734354423
1388,145.5013590578,1388,168.1383549777
1389,157.017482679,1389,179.7542679593
1390,172.6583364371,1390,192.7220972387
1391,190.401334627,1391,206.6793669033
1392,209.2595980536,1392,221.37882079
1393,231.6459339105,1393,236.8957552859
1394,254.011119061,1394,253.1082754753
1395,276.4973633576,1395,269.6759366679
1396,296.9355789494,1396,286.6259098589
1397,316.519353269,1397,303.7909158367
1398,332.1974946447,1398,320.7909413587
1399,345.6254576892,1399,337.4372829742
1400,358.6688611839,1400,353.6764991569
1401,372.5386285335,1401,369.2554232936
1402,385.6611485656,1402,384.2956541995
1403,399.7509569231,1403,398.7944411586
1404,414.4925723452,1404,412.9343297939
1405,427.6587192666,1405,426.6149244902
1406,440.0964588609,1406,440.0684439722
1407,452.8478407938,1407,453.2488369219
1408,465.3297959607,1408,466.0448607785
1409,479.6145826496,1409,478.1894833925
1410,493.9791677445,1410,489.8322647589
1411,509.0339084778,1411,500.7931563064
1412,521.7282737132,1412,511.0086719329
1413,534.0002868753,1413,520.6352443258
1414,543.3313519344,1414,529.7955453638
1415,550.6092190329,1415,538.2815926943
1416,554.707967744,1416,546.0116041141
1417,560.3028690618,1417,552.772794107
1418,564.1643301357,1418,558.4722933234
1419,567.725306743,1419,563.0808000113
1420,572.057305159,1420,566.856399635
1421,577.5009744313,1421,569.9634928763
1422,580.1385507513,1422,572.7485244931
1423,581.2799672574,1423,575.3253540262
1424,581.0324325427,1424,577.8378973981
1425,579.4716559917,1425,580.0644189633
1426,578.161508796,1426,582.137086018
1427,578.362268069,1427,583.9570420703
1428,580.6066854946,1428,585.5016608867
1429,585.1068261858,1429,586.747230716
1430,589.2616620302,1430,587.9725738097
1431,592.3961183216,1431,589.1893429852
1432,593.7006925404,1432,590.3899432766
1433,595.2543359555,1433,591.7182579213
1434,595.0246475279,1434,593.0781222305
1435,595.2265874054,1435,594.2056485522
1436,596.1845218696,1436,594.9774617073
1437,598.5186971579,1437,595.2421275908
1438,599.53150489,1438,594.8794741311
1439,599.0414369132,1439,593.9818836512
1440,599.3963756617,1440,592.8004489068
1441,598.5594734348,1441,591.4058902815
1442,595.2751628943,1442,590.0883077883
1443,592.1838828214,1443,589.0183238311
1444,589.076814438,1444,588.1782413724
1445,583.8218601353,1445,587.5339047917
1446,578.9322611224,1446,587.1564274344
1447,575.9791713741,1447,587.1233724772
1448,574.3359565761,1448,587.3377066537
1449,575.260910131,1449,587.9107158417
1450,579.1768280473,1450,589.0373904086
1451,583.583284989,1451,590.7366914695
1452,588.8536484469,1452,593.0415013913
1453,593.8693445303,1453,596.1268423815
1454,598.5456125557,1454,599.9789673586
1455,602.6113883082,1455,604.5112154554
1456,607.154611256,1456,609.0824127019
1457,612.175281398,1457,614.1192047353
1458,617.6733987343,1458,619.1764732346
1459,623.6489632647,1459,624.4901797496
1460,630.1019749891,1460,630.4202731186
1461,636.7141357784,1461,636.9263345314
1462,643.9628928266,1462,643.9628928267
